search,matchword
conflict of interest,"conflict of interest, city"
performance management,"performance management,requirements"
competencies,"competencies, requirements"
onboarding,onboarding
Interview guide,Interview guide
cybersecurity,"cybersecurity , your domain"
coaching,"coaching, requirements"
career pathing,career pathing
strategy on a page,strategy on a page
agile,agile
payroll,"payroll , nationality"
CEB IGNITION ,CEB IGNITION 
competency,competency
business continuity,"business continuity, location, domain"
Job descriptions,Job descriptions
policies,"policies, your city, your department"
leadership development,leadership development
risk,"risk, Customer Risk Mapping Tool, Risk Assessment Tool, Social Media Measurement Toolkit"
Innovation,"Innovation, Innovation Imperatives, Growth and Profitability, Innovative design"
performance improvement plan,performance improvement plan
evp,evp
email,email
vendor,vendor
recruiting,recruiting
learning,learning 
chief of staff,chief of staff
innovation ,innovation 
capability,capability
charter,charter
outsourcing,outsourcing
Webinar,Webinar
root cause analysis,root cause analysis
recognition,recognition
customer experience,"customer experience, customer service support, Reciprocal Referral Strategy, Cross-Functional Analytics Communities"
juniper,juniper
templates,templates
vendor management,vendor management
integration,integration
webinars,webinars
collaboration,collaboration
talent,talent
hrbp,hrbp
metrics,metrics
technology,technology
e-learning,e-learning
millenials,millenials
benefits,benefits
exit interview,exit interview
digital,digital
recruitment,recruitment
kpi,kpi
sox,sox
Data Analytics,Data Analytics
root cause,root cause
cloud,cloud
culture,culture
customer service,customer service
benchmarking,benchmarking
Analytics,"Analytics, Predictive analytics tool, Data and analytic tools, Social Media Measurement Toolkit Tools"
hr business partner,hr business partner
attrition,attrition
mentoring,mentoring
PMO,PMO
career path,career path
new hire survey,"new hire survey, limited resources, Improving, business intelligence, social media, New Hire Engagement Toolkit"
career development,career development
change,change
Learning and Development,Learning and Development
span of control,span of control
video,video
employee value proposition,employee value proposition
Data Governance,Data Governance
ERP,ERP
disaster recovery,disaster recovery
Interviewing,Interviewing
accounts payable,accounts payable
business analyst,business analyst
Knowledge Management,Knowledge Management
Dashboards,Dashboards
budget,budget
call center,call center
it,it
diversity,diversity
total rewards,total rewards
change management,change management
retirement,retirement
leadership,leadership
career,career
performance,performance
goal setting,goal setting
development,development
HRIS ,HRIS 
dashboard,dashboard
communication,communication
millennials,millennials
SAP,SAP
departure view,departure view
retention,retention
roadmap,roadmap
values,values
feedback,feedback
project management,project management
self assessment,self assessment
business case,business case
mobility,mobility
turnover,turnover
american express,american express
compliance,compliance
asset management,asset management
reporting,reporting
enterprise contribution,enterprise contribution
m&a,m&a
information security,information security
project plan,project plan
individual development plan,individual development plan
interview,interview
portfolio management,portfolio management
security,security
sourcing,sourcing
job description,job description
cyber security,cyber security
ethics,ethics
maturity,maturity
HIPO,HIPO
IDP,IDP
mobilizer,mobilizer
succession planning,succession planning
millennial,millennial
talent management,talent management
engagement,engagement
compensation,compensation
elearning,elearning
fraud,fraud
workforce Planning,workforce Planning
Challenger,Challenger
assessment,assessment
employee engagement,employee engagement
organization design,organization design
recruitment ,recruitment 
training,training
orientation,orientation
development plan,development plan
marketing,marketing
privacy,privacy
HR strategy,HR strategy
Cisco,Cisco
enterprise contribution ,enterprise contribution 
HRIS,HRIS
finance,finance
strategic workforce planning,strategic workforce planning
goals,goals
succession,succession
RFP,RFP
travel,travel
strategic planning ,strategic planning 
contract management,contract management
ERM,ERM
IT ,IT 
high potential,high potential
retention ,retention 
interview questions,interview questions
merger,merger
internship,internship
survey,survey
diagnostic,diagnostic
The New Path Forward,The New Path Forward
360 feedback,360 feedback
diversity and inclusion,diversity and inclusion
organizational design,organizational design
career paths,career paths
communication plan,communication plan
business intelligence,business intelligence
quality,quality
competency model,competency model
seagate,seagate
value proposition,value proposition
audit,audit
tools,tools
scenario planning,scenario planning
Diversity ,Diversity 
planning,planning
tuition reimbursement,tuition reimbursement
Hiring,Hiring
supply chain,supply chain
shared services,shared services
talent review,talent review
byod,byod
process,process
leadership competencies,leadership competencies
INDUCTION,INDUCTION
recognition ,recognition 
Talent Acquisition,Talent Acquisition
social media,social media
team building,team building
strategy,strategy
cargill,cargill
commercial insight,commercial insight
enterprise architecture,enterprise architecture
devops,devops
Mergers,Mergers
ignition diagnostic,ignition diagnostic
enterprise leadership,enterprise leadership
ignition,ignition
new path forward,new path forward
Leadership transition,Leadership transition
risk appetite,risk appetite
engagement survey,engagement survey
scorecard,scorecard
Risk management,Risk management
CRM,CRM
playbook,playbook
business acumen,business acumen
data privacy,data privacy
procurement,procurement
accountability,accountability
tool,tool
RACI,RACI
women in leadership,women in leadership
ITIL,ITIL
transformation,transformation
performance review,performance review
trends,trends
competency framework,competency framework
excel,excel
influence,influence
time management,time management
Mentor,Mentor
cpe,cpe
emotional intelligence,emotional intelligence
case study,case study
wellness,wellness
HR Metrics,HR Metrics
sla,sla
governance,governance
functional maturity diagnostic,functional maturity diagnostic
balanced scorecard,balanced scorecard
lean,lean
forecasting,forecasting
Decision making,Decision making
storytelling,storytelling
promotion,promotion
SWOT,SWOT
severance,severance
intranet,intranet
research,research
adaptive it,adaptive it
strategic planning,strategic planning
template,template
Emerging technology roadmap,Emerging technology roadmap
shell,shell
business partner,business partner
Quality Assurance,Quality Assurance
HR,HR
policy,policy
segmentation,segmentation
china,china
job description library,job description library
relocation,relocation
budgeting,budgeting
stakeholder,stakeholder
content marketing,content marketing
presentation,presentation
talent advisor,talent advisor
checklist,checklist
acquisition,acquisition
national grid,national grid
sharepoint,sharepoint
Performance Management ,Performance Management 
a,a
9 box ,9 box 
due diligence,due diligence
tax,tax
mobile,mobile
strategic plan,strategic plan
center of excellence,center of excellence
negotiation,negotiation
Data,Data
Risk Assessment,Risk Assessment
SAP ,SAP 
pricing,pricing
motivation,motivation
GRC,GRC
policy ,policy 
exit interviews,exit interviews
treasury,treasury
9 box,9 box
ignition guides,ignition guides
loyalty,loyalty
mentor ,mentor 
training needs analysis,training needs analysis
Training ,Training 
Succession Management,Succession Management
code of conduct,code of conduct
brand,brand
Creating Enterprise Leaders,Creating Enterprise Leaders
roi,roi
lms,lms
big data,big data
benchmark,benchmark
branding,branding
